,brand,model,model_year,milage,fuel_type,engine,transmission,ext_col,int_col,accident,clean_title,price
18,Nissan,350Z Enthusiast,2003,"74,000 mi.",Gasoline,287.0HP 3.5L V6 Cylinder Engine Gasoline Fuel,6-Speed M/T,Purple,–,None reported,Yes,"$11,000"
27,Mercedes-Benz,AMG CLA 45 Base 4MATIC,2021,"17,500 mi.",Gasoline,382.0HP 2.0L 4 Cylinder Engine Gasoline Fuel,A/T,Gray,Black,None reported,Yes,"$59,995"
35,Jeep,New Compass Trailhawk,2017,"119,000 mi.",Gasoline,180.0HP 2.4L 4 Cylinder Engine Gasoline Fuel,A/T,Red,Black,None reported,Yes,"$15,900"
46,Chevrolet,Silverado 1500 Custom Trail Boss,2021,"51,351 mi.",Gasoline,5.3L V8 16V GDI OHV,Automatic,Black,Jet Black,None reported,Yes,"$43,147"
79,Lexus,ES 330 Base,2005,"41,059 mi.",Gasoline,225.0HP 3.3L V6 Cylinder Engine Gasoline Fuel,5-Speed A/T,White,Beige,None reported,Yes,"$11,100"
88,BMW,M6 Base,2016,"25,500 mi.",Gasoline,560.0HP 4.4L 8 Cylinder Engine Gasoline Fuel,7-Speed A/T,White,Black,None reported,Yes,"$55,000"
101,GMC,Acadia SLT-1,2012,"116,226 mi.",Gasoline,288.0HP 3.6L V6 Cylinder Engine Gasoline Fuel,6-Speed A/T,Black,Black,None reported,Yes,"$7,900"
110,Land,Rover LR4 HSE LUX Landmark Edition,2016,"144,000 mi.",Gasoline,340.0HP 3.0L V6 Cylinder Engine Gasoline Fuel,8-Speed A/T,Black,Black,At least 1 accident or damage reported,Yes,"$18,000"
153,Kia,K900 5.0L,2017,"36,486 mi.",Gasoline,420.0HP 5.0L 8 Cylinder Engine Gasoline Fuel,8-Speed A/T,Black,Beige,At least 1 accident or damage reported,Yes,"$23,950"
189,Tesla,Model Y Performance,2023,500 mi.,,455.0HP Electric Motor Electric Fuel System,1-Speed A/T,Black,White,None reported,Yes,"$60,000"
212,Mercedes-Benz,AMG GLA 45 Base 4MATIC,2018,"51,700 mi.",Gasoline,375.0HP 2.0L 4 Cylinder Engine Gasoline Fuel,Transmission w/Dual Shift Mode,White,Black,None reported,Yes,"$32,000"
279,Audi,S7 2.9T Prestige,2021,"12,000 mi.",Hybrid,444.0HP 2.9L V6 Cylinder Engine Gasoline/Mild Electric Hybrid,8-Speed A/T,Gray,Black,None reported,Yes,"$77,500"
313,Land,Rover Discovery Sport SE R-Dynamic,2020,"20,927 mi.",Gasoline,2.0 Liter,Automatic,Fuji White,–,None reported,,"$35,998"
335,Maserati,GranTurismo Sport,2015,"45,000 mi.",Gasoline,454.0HP 4.7L 8 Cylinder Engine Gasoline Fuel,6-Speed A/T,Black,Black,None reported,Yes,"$41,900"
340,Audi,Q5 S line Premium Plus,2023,"4,648 mi.",Hybrid,2.0 Liter TFSI,Automatic,Mythos Black,Black,None reported,,"$47,598"
359,Audi,R8 5.2,2015,"51,000 mi.",Gasoline,550.0HP 5.2L 10 Cylinder Engine Gasoline Fuel,Transmission w/Dual Shift Mode,White,Black,At least 1 accident or damage reported,Yes,"$102,000"
362,Audi,SQ5 3.0T Premium Plus,2022,"8,497 mi.",Gasoline,3.0L V6 24V GDI DOHC Turbo,Automatic,Ibis White,Black,None reported,,"$52,900"
375,Mitsubishi,Eclipse Spyder GS,2001,"90,400 mi.",Gasoline,140.0HP 2.4L 4 Cylinder Engine Gasoline Fuel,A/T,Red,–,None reported,Yes,"$4,495"
386,BMW,440 i xDrive,2018,"73,500 mi.",Gasoline,320.0HP 3.0L Straight 6 Cylinder Engine Gasoline Fuel,A/T,Black,Blue,None reported,Yes,"$32,000"
387,Acura,Integra LS,1998,"120,000 mi.",Gasoline,140.0HP 1.8L 4 Cylinder Engine Gasoline Fuel,4-Speed A/T,Red,–,At least 1 accident or damage reported,Yes,"$5,500"
417,Nissan,350Z Enthusiast,2005,"130,307 mi.",Gasoline,287.0HP 3.5L V6 Cylinder Engine Gasoline Fuel,5-Speed A/T,Blue,Black,None reported,Yes,"$9,950"
419,Honda,Civic LX,2003,"160,265 mi.",Gasoline,115.0HP 1.7L 4 Cylinder Engine Gasoline Fuel,A/T,White,Gray,At least 1 accident or damage reported,Yes,"$3,000"
473,BMW,M760 i xDrive,2021,"11,078 mi.",Gasoline,"6.6L V-12 gasoline direct injection, DOHC, variable valve contro","Automatic, 8-Spd Sport w/Sport & Manual Modes",BLACK,WHITE,None reported,,"$91,900"
480,RAM,1500 Limited,2020,"44,362 mi.",Gasoline,5.7L V8 16V MPFI OHV,8-Speed Automatic,Bright White Clearcoat,Black,None reported,Yes,"$50,658"
485,BMW,M3 Base,2009,"112,000 mi.",Gasoline,420.0HP 4.0L 8 Cylinder Engine Gasoline Fuel,Transmission w/Dual Shift Mode,Gray,Black,At least 1 accident or damage reported,Yes,"$28,000"
486,Honda,Accord EX-L,2009,"167,300 mi.",Gasoline,190.0HP 2.4L 4 Cylinder Engine Gasoline Fuel,5-Speed A/T,Silver,Black,None reported,Yes,"$6,250"
506,Mercedes-Benz,AMG GT 53 Base,2021,"17,994 mi.",Gasoline,3.0L I6 24V GDI DOHC Turbo,9-Speed Automatic,–,–,None reported,Yes,"$87,500"
515,Acura,TLX A-Spec,2021,"16,878 mi.",Gasoline,2.0L I4 16V GDI DOHC Turbo,10-Speed Automatic,Red,Ebony,None reported,Yes,"$38,781"
531,Toyota,Sequoia Platinum,2014,"124,838 mi.",Gasoline,381.0HP 5.7L 8 Cylinder Engine Gasoline Fuel,A/T,Black,Gray,None reported,Yes,"$33,000"
546,Land,Rover Range Rover Sport HSE,2013,"81,648 mi.",Gasoline,"5L V-8 gasoline direct injection, DOHC, variable valve control,","Auto, 6-Spd w/CmdShft",Fuji White,–,None reported,,"$15,900"
549,Jaguar,F-TYPE R,2018,"39,900 mi.",Gasoline,550.0HP 5.0L 8 Cylinder Engine Gasoline Fuel,8-Speed A/T,White,Black,None reported,Yes,"$53,600"
555,Tesla,Model 3 Long Range,2022,"3,077 mi.",,Dual Motor - Standard,Automatic,Silver,Black,None reported,,"$44,998"
567,RAM,1500 Laramie,2019,"107,714 mi.",Gasoline,5.7L V8 16V MPFI OHV,8-Speed Automatic,Diamond Black,Black,None reported,Yes,"$34,918"
586,Volkswagen,Eurovan MV,2001,"111,887 mi.",Gasoline,140.0HP 2.8L V6 Cylinder Engine Gasoline Fuel,A/T,Blue,Gray,None reported,Yes,"$14,000"
590,RAM,1500 Big Horn,2022,"14,920 mi.",Gasoline,3.6L V6 24V MPFI DOHC,Automatic,Diamond Black,Black,None reported,Yes,"$41,741"
615,BMW,430 430i,2022,"7,758 mi.",Gasoline,2.0 Liter Turbo,Automatic,Black,Black,None reported,,"$47,998"
621,Chevrolet,Tahoe LTZ,2015,"134,500 mi.",Gasoline,355.0HP 5.3L 8 Cylinder Engine Gasoline Fuel,A/T,Black,Black,None reported,Yes,"$28,000"
630,Jeep,Grand Cherokee L Limited,2021,"26,088 mi.",Gasoline,3.6L V6 24V MPFI DOHC,8-Speed Automatic,Silver Zynith,Global Black,None reported,,"$38,383"
647,Bentley,Bentayga Azure First Edition,2023,"1,335 mi.",Gasoline,4.0L V8 32V GDI DOHC Twin Turbo,8-Speed Automatic,Onyx,Portland,None reported,Yes,"$272,950"
652,Mercedes-Benz,SLC 300 Base,2019,"23,900 mi.",Gasoline,241.0HP 2.0L 4 Cylinder Engine Gasoline Fuel,9-Speed A/T,White,Black,None reported,Yes,"$35,999"
685,GMC,Suburban 2500,1996,"95,000 mi.",Gasoline,290.0HP 7.4L 8 Cylinder Engine Gasoline Fuel,4-Speed A/T,White,Gray,None reported,Yes,"$25,000"
702,BMW,330e iPerformance,2017,"52,500 mi.",Plug-In Hybrid,247.0HP 2.0L 4 Cylinder Engine Plug-In Electric/Gas,Transmission w/Dual Shift Mode,Blue,Black,At least 1 accident or damage reported,Yes,"$24,950"
798,RAM,2500 Laramie,2017,"67,483 mi.",Gasoline,410.0HP 6.4L 8 Cylinder Engine Gasoline Fuel,6-Speed A/T,Brown,Beige,At least 1 accident or damage reported,Yes,"$46,500"
812,Saab,9-3 SE,2002,"77,200 mi.",Gasoline,205.0HP 2.0L 4 Cylinder Engine Gasoline Fuel,5-Speed M/T,Black,Beige,None reported,Yes,"$7,500"
846,Porsche,Panamera 4S,2010,"62,743 mi.",Gasoline,400.0HP 4.8L 8 Cylinder Engine Gasoline Fuel,Transmission w/Dual Shift Mode,Silver,Gray,None reported,Yes,"$28,600"
866,Kia,K5 EX,2021,"11,154 mi.",Gasoline,1.6L I4 16V GDI DOHC Turbo,8-Speed Automatic,Glacial White Pearl,Black,None reported,,"$28,998"
871,Land,Rover LR4 Lux,2012,"141,525 mi.",Gasoline,375.0HP 5.0L 8 Cylinder Engine Gasoline Fuel,A/T,Black,Black,None reported,Yes,"$14,490"
884,Maserati,Quattroporte S Q4 GranLusso,2018,"57,500 mi.",Gasoline,424.0HP 3.0L V6 Cylinder Engine Gasoline Fuel,8-Speed A/T,White,Brown,None reported,Yes,"$41,900"
888,Cadillac,XTS Luxury,2014,"62,950 mi.",Gasoline,304.0HP 3.6L V6 Cylinder Engine Gasoline Fuel,6-Speed A/T,Silver,Gray,At least 1 accident or damage reported,Yes,"$17,498"
892,INFINITI,Q70 3.7X,2014,"33,500 mi.",Gasoline,330.0HP 3.7L V6 Cylinder Engine Gasoline Fuel,7-Speed A/T,Black,Black,None reported,Yes,"$23,000"
896,Lincoln,Corsair Reserve,2021,"29,336 mi.",Gasoline,2.0L I4 16V GDI DOHC Turbo,8-Speed Automatic,Black,Sandstone,None reported,,"$36,999"
897,RAM,2500 SLT,2017,"86,000 mi.",Diesel,350.0HP 6.7L Straight 6 Cylinder Engine Diesel Fuel,6-Speed A/T,Gray,Gray,At least 1 accident or damage reported,Yes,"$41,000"
906,INFINITI,QX80 Base,2016,"60,000 mi.",Gasoline,400.0HP 5.6L 8 Cylinder Engine Gasoline Fuel,7-Speed A/T,Silver,Beige,At least 1 accident or damage reported,Yes,"$25,950"
913,Bentley,Continental GT Speed,2009,"57,800 mi.",Gasoline,600.0HP 6.0L 12 Cylinder Engine Gasoline Fuel,6-Speed A/T,Blue,Beige,,,"$59,400"
957,Mazda,Mazda3 i Touring,2014,"118,500 mi.",Gasoline,155.0HP 2.0L 4 Cylinder Engine Gasoline Fuel,M/T,Silver,Black,At least 1 accident or damage reported,Yes,"$11,500"
966,BMW,650 i,2014,"40,000 mi.",Gasoline,445.0HP 4.4L 8 Cylinder Engine Gasoline Fuel,Transmission w/Dual Shift Mode,White,Beige,None reported,Yes,"$34,000"
976,Chevrolet,SSR Base,2005,"122,961 mi.",Gasoline,6.0L V8 16V MPFI OHV,4-Speed Automatic,Redline Red,Ebony,None reported,Yes,"$20,995"
986,BMW,M5 Base,2013,"61,145 mi.",Gasoline,560.0HP 4.4L 8 Cylinder Engine Gasoline Fuel,7-Speed A/T,White,Beige,At least 1 accident or damage reported,Yes,"$37,500"
990,Audi,A4 2.0T Premium,2012,"129,567 mi.",Gasoline,211.0HP 2.0L 4 Cylinder Engine Gasoline Fuel,A/T,White,Black,None reported,Yes,"$7,000"
1054,Land,Rover Discovery HSE,2020,"32,705 mi.",Diesel,3.0 Liter,Automatic,Portofino Blue Metallic,Tan/Ebony/Ebony,None reported,,"$46,598"
1058,Land,Rover Range Rover P400 SE SWB,2023,"11,700 mi.",Hybrid,395.0HP 3.0L Straight 6 Cylinder Engine Gasoline/Mild Electric Hybrid,Transmission w/Dual Shift Mode,Gray,White,None reported,Yes,"$133,500"
1076,Kia,Sorento EX,2016,"64,290 mi.",Gasoline,2.0L I4 16V GDI DOHC Turbo,6-Speed Automatic,Snow White Pearl,Satin Black,None reported,,"$16,999"
1131,Lincoln,MKX Reserve,2016,"88,000 mi.",Gasoline,335.0HP 2.7L V6 Cylinder Engine Gasoline Fuel,Transmission w/Dual Shift Mode,Black,Black,None reported,Yes,"$18,500"
1139,Kia,EV6 GT-Line,2022,"4,820 mi.",,320.0HP Electric Motor Electric Fuel System,1-Speed A/T,Red,Black,None reported,Yes,"$47,500"
1150,Ford,F-150 XL,2016,"107,000 mi.",E85 Flex Fuel,385.0HP 5.0L 8 Cylinder Engine Flex Fuel Capability,6-Speed A/T,White,Gray,At least 1 accident or damage reported,Yes,"$22,000"
1174,Chevrolet,Camaro ZL1,2020,"3,715 mi.",Gasoline,650.0HP 6.2L 8 Cylinder Engine Gasoline Fuel,A/T,Black,Black,None reported,Yes,"$150,000"
1177,Dodge,Dakota SLT,2003,"141,800 mi.",Gasoline,230.0HP 4.7L 8 Cylinder Engine Gasoline Fuel,A/T,Red,Gray,At least 1 accident or damage reported,Yes,"$5,700"
1198,BMW,528 i xDrive,2016,"134,000 mi.",Gasoline,240.0HP 2.0L 4 Cylinder Engine Gasoline Fuel,A/T,Brown,Brown,At least 1 accident or damage reported,Yes,"$13,500"
1203,Rivian,R1S Launch Edition,2023,"4,500 mi.",,835.0HP Electric Motor Electric Fuel System,1-Speed A/T,Silver,Gray,None reported,Yes,"$89,999"
1215,Toyota,Supra 3.0 Premium,2022,"24,850 mi.",Gasoline,382.0HP 3.0L Straight 6 Cylinder Engine Gasoline Fuel,A/T,Black,Black,None reported,Yes,"$53,568"
1242,Maserati,Levante Modena,2023,"5,409 mi.",Gasoline,3.0L V6 24V GDI DOHC Twin Turbo,8-Speed Automatic,Blu,Black,None reported,Yes,"$88,950"
1267,Chevrolet,Suburban Premier,2017,"166,549 mi.",Gasoline,355.0HP 5.3L 8 Cylinder Engine Gasoline Fuel,6-Speed A/T,White,Beige,At least 1 accident or damage reported,Yes,"$24,950"
1314,BMW,X6 xDrive50i,2019,"45,000 mi.",Gasoline,445.0HP 4.4L 8 Cylinder Engine Gasoline Fuel,8-Speed A/T,Silver,Black,At least 1 accident or damage reported,Yes,"$46,999"
1324,BMW,M340 i xDrive,2021,"34,967 mi.",Hybrid,382.0HP 3.0L Straight 6 Cylinder Engine Gasoline/Mild Electric Hybrid,8-Speed A/T,Blue,Beige,At least 1 accident or damage reported,Yes,"$49,999"
1331,Tesla,Model Y Long Range,2023,"10,000 mi.",,425.0HP Electric Motor Electric Fuel System,A/T,Blue,Black,None reported,Yes,"$48,000"
1342,BMW,330 330i xDrive,2019,"19,473 mi.",Gasoline,Intercooled Turbo Premium Unleaded I-4 2.0 L/122,Automatic,Alpine White,Canberra Beige,None reported,,"$31,698"
1348,Toyota,Sequoia Limited,2011,"183,000 mi.",Gasoline,381.0HP 5.7L 8 Cylinder Engine Gasoline Fuel,6-Speed A/T,Gold,Beige,None reported,Yes,"$16,000"
1390,Mercedes-Benz,CLA-Class CLA 250,2015,"76,753 mi.",Gasoline,208.0HP 2.0L 4 Cylinder Engine Gasoline Fuel,A/T,Red,Black,At least 1 accident or damage reported,Yes,"$15,999"
1437,Lamborghini,Gallardo LP560-4,2010,"45,014 mi.",Gasoline,560.0HP 5.2L 10 Cylinder Engine Gasoline Fuel,6-Speed A/T,Gray,Black,None reported,Yes,"$109,499"
1441,Lexus,IS-F Base,2008,"75,000 mi.",Gasoline,416.0HP 5.0L 8 Cylinder Engine Gasoline Fuel,8-Speed A/T,Blue,Black,At least 1 accident or damage reported,Yes,"$29,000"
1460,Ford,Expedition Platinum,2019,"51,300 mi.",Gasoline,3.5L V6 24V GDI DOHC Twin Turbo,10-Speed Automatic,White,Platinum,None reported,Yes,"$48,295"
1485,MINI,Hardtop Cooper,2019,"19,850 mi.",Gasoline,134.0HP 1.5L 3 Cylinder Engine Gasoline Fuel,6-Speed A/T,Black,Black,None reported,Yes,"$24,000"
1531,BMW,M3 Base,2008,"77,800 mi.",Gasoline,414.0HP 4.0L 8 Cylinder Engine Gasoline Fuel,M/T,Red,Black,None reported,Yes,"$28,500"
1558,Lexus,IS 250 Base,2013,"148,000 mi.",Gasoline,204.0HP 2.5L V6 Cylinder Engine Gasoline Fuel,6-Speed A/T,Gray,Black,At least 1 accident or damage reported,Yes,"$10,000"
1568,RAM,1500 Laramie,2022,"16,744 mi.",Gasoline,5.7L V8 16V MPFI OHV,8-Speed Automatic,Delmonico Red Pearlcoat,Black,None reported,,"$46,999"
1580,Toyota,Prius Touring,2009,"142,500 mi.",Hybrid,76.0HP 1.5L 4 Cylinder Engine Gas/Electric Hybrid,A/T,Blue,Beige,None reported,Yes,"$6,999"
1583,Chevrolet,Suburban 1500 LT,2008,"162,750 mi.",Gasoline,320.0HP 5.3L 8 Cylinder Engine Gasoline Fuel,Transmission Overdrive Switch,White,Black,At least 1 accident or damage reported,Yes,"$7,200"
1584,Jaguar,XK R,2012,"38,383 mi.",Gasoline,510.0HP 5.0L 8 Cylinder Engine Gasoline Fuel,6-Speed A/T,White,Black,None reported,Yes,"$36,949"
1590,Mercedes-Benz,G-Class G 63 AMG,2014,"49,899 mi.",Gasoline,536.0HP 5.5L 8 Cylinder Engine Gasoline Fuel,A/T,White,Black,None reported,Yes,"$72,999"
1592,BMW,M4 Base,2015,"23,700 mi.",Gasoline,425.0HP 3.0L Straight 6 Cylinder Engine Gasoline Fuel,Transmission w/Dual Shift Mode,Black,Black,None reported,Yes,"$42,800"
1596,Ford,Expedition XLT,2022,"22,169 mi.",Gasoline,3.5L V6 24V PDI DOHC Twin Turbo,10-Speed Automatic,Black,Sandstone,None reported,Yes,"$57,352"
1613,BMW,M3 Base,2016,"55,250 mi.",Gasoline,425.0HP 3.0L Straight 6 Cylinder Engine Gasoline Fuel,6-Speed M/T,Blue,White,None reported,Yes,"$49,999"
1628,Audi,R8 5.2 quattro Spyder,2011,"75,000 mi.",Gasoline,525.0HP 5.2L 10 Cylinder Engine Gasoline Fuel,Transmission w/Dual Shift Mode,White,Brown,At least 1 accident or damage reported,Yes,"$74,000"
1664,BMW,430 i,2021,"9,472 mi.",Gasoline,255.0HP 2.0L 4 Cylinder Engine Gasoline Fuel,A/T,White,Blue,None reported,Yes,"$51,000"
1666,Nissan,NV200 S,2019,"52,000 mi.",Gasoline,131.0HP 2.0L 4 Cylinder Engine Gasoline Fuel,CVT Transmission,Black,Gray,At least 1 accident or damage reported,Yes,"$19,500"
1678,INFINITI,QX60 Base,2014,"154,247 mi.",Gasoline,265.0HP 3.5L V6 Cylinder Engine Gasoline Fuel,A/T,Black,Black,At least 1 accident or damage reported,Yes,"$12,500"
1681,Acura,Integra GS-R,1995,"123,000 mi.",–,–,5-Speed M/T,White,Blue,None reported,Yes,"$10,999"
1705,Toyota,4Runner SR5,2019,"91,843 mi.",Gasoline,270.0HP 4.0L V6 Cylinder Engine Gasoline Fuel,5-Speed A/T,Blue,Black,At least 1 accident or damage reported,Yes,"$30,500"
1773,Audi,Q7 3.0T Premium Plus,2014,"96,273 mi.",Gasoline,280.0HP 3.0L V6 Cylinder Engine Gasoline Fuel,8-Speed A/T,Silver,Black,At least 1 accident or damage reported,Yes,"$15,495"
1789,Lexus,LC 500 Base,2021,915 mi.,Gasoline,471.0HP 5.0L 8 Cylinder Engine Gasoline Fuel,10-Speed A/T,Blue,White,None reported,Yes,"$159,000"
1801,Buick,Enclave 1XL,2011,"170,000 mi.",Gasoline,288.0HP 3.6L V6 Cylinder Engine Gasoline Fuel,6-Speed A/T,Gold,Beige,At least 1 accident or damage reported,Yes,"$4,000"
1814,Audi,R8 4.2 quattro Spyder,2011,"35,322 mi.",Gasoline,4.2L V8 32V GDI DOHC,6-Speed Manual,Phantom Black Pearl Effect / Black Roof,Red,None reported,,"$94,900"
1823,BMW,750 i,2017,"24,650 mi.",Gasoline,445.0HP 4.4L 8 Cylinder Engine Gasoline Fuel,A/T,Silver,Black,None reported,Yes,"$50,000"
1824,Volkswagen,Golf R 4-Door,2013,"102,750 mi.",Gasoline,256.0HP 2.0L 4 Cylinder Engine Gasoline Fuel,6-Speed M/T,Black,Black,None reported,Yes,"$20,000"
1868,Nissan,Frontier SV,2012,"96,600 mi.",Gasoline,261.0HP 4.0L V6 Cylinder Engine Gasoline Fuel,A/T,Beige,Black,At least 1 accident or damage reported,Yes,"$17,000"
1880,Ford,Bronco Outer Banks,2023,"16,500 mi.",Gasoline,275.0HP 2.3L 4 Cylinder Engine Gasoline Fuel,A/T,Blue,Gray,None reported,Yes,"$54,000"
1899,Lexus,CT 200h Premium,2012,"109,000 mi.",Hybrid,134.0HP 1.8L 4 Cylinder Engine Gas/Electric Hybrid,A/T,White,Black,At least 1 accident or damage reported,Yes,"$14,945"
1903,Toyota,GR86 Base,2022,"13,400 mi.",Gasoline,228.0HP 2.4L 4 Cylinder Engine Gasoline Fuel,6-Speed A/T,Silver,Black,None reported,Yes,"$33,499"
1918,Audi,A7 3.0T Prestige,2013,"87,066 mi.",Gasoline,310.0HP 3.0L V6 Cylinder Engine Gasoline Fuel,8-Speed A/T,Silver,Black,None reported,Yes,"$20,999"
1927,Lexus,GS 350 Base,2010,"212,000 mi.",Gasoline,303.0HP 3.5L V6 Cylinder Engine Gasoline Fuel,A/T,Gray,Black,At least 1 accident or damage reported,Yes,"$9,450"
1973,Porsche,Cayenne S,2014,"36,000 mi.",Gasoline,400.0HP 4.8L 8 Cylinder Engine Gasoline Fuel,8-Speed A/T,Black,Beige,None reported,Yes,"$37,000"
2002,BMW,650 i xDrive,2015,"76,474 mi.",Gasoline,445.0HP 4.4L 8 Cylinder Engine Gasoline Fuel,Transmission w/Dual Shift Mode,White,Black,None reported,Yes,"$32,000"
2009,RAM,1500 Laramie,2022,"18,645 mi.",Gasoline,5.7L V8 16V MPFI OHV,Automatic,Diamond Black,Black,None reported,Yes,"$49,700"
2015,Lexus,RC F Base,2015,"51,400 mi.",Gasoline,467.0HP 5.0L 8 Cylinder Engine Gasoline Fuel,8-Speed A/T,Silver,Gray,None reported,Yes,"$43,000"
2048,Ford,Mustang GT,2014,"38,560 mi.",Gasoline,420.0HP 5.0L 8 Cylinder Engine Gasoline Fuel,6-Speed M/T,Black,Black,At least 1 accident or damage reported,Yes,"$28,500"
2053,Subaru,Baja Base,2003,"71,000 mi.",Gasoline,165.0HP 2.5L 4 Cylinder Engine Gasoline Fuel,5-Speed M/T,Red,Black,None reported,Yes,"$14,900"
2080,BMW,650 Gran Coupe i,2014,"92,000 mi.",Gasoline,445.0HP 4.4L 8 Cylinder Engine Gasoline Fuel,Transmission w/Dual Shift Mode,Black,Black,At least 1 accident or damage reported,Yes,"$24,000"
2098,Land,Rover LR4 HSE LUX Landmark Edition,2016,"63,300 mi.",Gasoline,340.0HP 3.0L V6 Cylinder Engine Gasoline Fuel,8-Speed A/T,White,Brown,None reported,Yes,"$31,000"
2109,Volkswagen,New Beetle GLS,2001,"63,250 mi.",Gasoline,115.0HP 2.0L 4 Cylinder Engine Gasoline Fuel,4-Speed A/T,Yellow,Yellow,None reported,Yes,"$12,000"
2110,Audi,Q5 S line Premium Plus,2022,"13,895 mi.",Hybrid,2.0 Liter TFSI,Automatic,Daytona Gray,Black,None reported,,"$44,998"
2111,Lamborghini,Aventador LP750-4 Superveloce,2017,"10,654 mi.",Gasoline,"6.5L V-12 DOHC, variable valve control, premium unleaded, engine",Automatic,Balloon White,Nero Ade,None reported,,"$449,991"
2165,Dodge,Ram 2500 ST,2010,"151,544 mi.",Gasoline,355.0HP 5.7L 8 Cylinder Engine Gasoline Fuel,5-Speed A/T,Brown,Gray,At least 1 accident or damage reported,Yes,"$17,700"
2178,Chevrolet,Silverado 1500 2LT,2014,"102,604 mi.",E85 Flex Fuel,355.0HP 5.3L 8 Cylinder Engine Flex Fuel Capability,6-Speed A/T,Gray,Gray,None reported,Yes,"$25,500"
2198,Toyota,FJ Cruiser Base,2014,"92,000 mi.",Gasoline,260.0HP 4.0L V6 Cylinder Engine Gasoline Fuel,A/T,Beige,Black,None reported,Yes,"$27,500"
2207,Pontiac,Solstice GXP,2009,"122,348 mi.",Gasoline,260.0HP 2.0L 4 Cylinder Engine Gasoline Fuel,A/T,Red,Black,At least 1 accident or damage reported,Yes,"$10,000"
2218,Ford,F-150 XLT,2022,"18,465 mi.",Gasoline,400.0HP 3.5L V6 Cylinder Engine Gasoline Fuel,10-Speed A/T,Black,Gray,None reported,Yes,"$47,500"
2231,Tesla,Model 3 Long Range,2021,"32,670 mi.",,Electric Motor Electric Fuel System,A/T,White,Black,None reported,Yes,"$37,000"
2252,Audi,Q5 3.0T Premium Plus,2015,"60,251 mi.",Gasoline,272.0HP 3.0L V6 Cylinder Engine Gasoline Fuel,A/T,Black,Black,At least 1 accident or damage reported,Yes,"$19,000"
2261,smart,ForTwo Pure,2008,"61,595 mi.",Gasoline,70.0HP 1.0L 3 Cylinder Engine Gasoline Fuel,5-Speed A/T,Blue,Gray,None reported,Yes,"$5,000"
2288,RAM,2500 Tradesman,2020,"41,000 mi.",Gasoline,410.0HP 6.4L 8 Cylinder Engine Gasoline Fuel,8-Speed A/T,White,Gray,,,"$45,515"
2328,Cadillac,Escalade ESV Platinum Edition,2013,"119,000 mi.",E85 Flex Fuel,403.0HP 6.2L 8 Cylinder Engine Flex Fuel Capability,A/T,Black,Black,,,"$20,500"
2333,Subaru,Impreza 2.0i,2015,"102,242 mi.",Gasoline,"2L H-4 DOHC, variable valve control, regular unleaded, engine wi",Manual,Quartz Blue Pearl,Black,At least 1 accident or damage reported,,"$11,498"
2343,Tesla,Model 3 Long Range,2018,"43,000 mi.",,271.0HP Electric Motor Electric Fuel System,1-Speed A/T,Red,Black,At least 1 accident or damage reported,Yes,"$30,499"
2359,Ford,Taurus SHO,2014,"138,415 mi.",Gasoline,365.0HP 3.5L V6 Cylinder Engine Gasoline Fuel,A/T,Silver,Black,At least 1 accident or damage reported,Yes,"$15,500"
2363,BMW,335 i xDrive,2009,"69,764 mi.",Gasoline,300.0HP 3.0L Straight 6 Cylinder Engine Gasoline Fuel,6-Speed M/T,Black,Black,None reported,Yes,"$19,500"
2429,Bentley,Continental GT V8,2020,"33,000 mi.",Gasoline,542.0HP 4.0L 8 Cylinder Engine Gasoline Fuel,A/T,Beige,Beige,None reported,Yes,"$188,500"
2445,Chevrolet,Camaro 2SS,2018,"75,151 mi.",Gasoline,455.0HP 6.2L 8 Cylinder Engine Gasoline Fuel,6-Speed M/T,Gray,Black,At least 1 accident or damage reported,Yes,"$45,000"
2465,GMC,Savana 2500 Work Van,2017,"117,000 mi.",E85 Flex Fuel,342.0HP 6.0L 8 Cylinder Engine Flex Fuel Capability,6-Speed A/T,Silver,Silver,None reported,Yes,"$38,000"
2468,Nissan,Titan XD SV,2017,"80,000 mi.",Gasoline,390.0HP 5.6L 8 Cylinder Engine Gasoline Fuel,7-Speed A/T,Silver,Black,None reported,Yes,"$23,800"
2482,Toyota,Sequoia SR5,2007,"136,000 mi.",Gasoline,273.0HP 4.7L 8 Cylinder Engine Gasoline Fuel,A/T,Black,Beige,None reported,Yes,"$12,500"
2486,Chrysler,300 Touring,2005,"119,000 mi.",Gasoline,250.0HP 3.5L V6 Cylinder Engine Gasoline Fuel,A/T,Blue,Beige,None reported,Yes,"$3,500"
2506,Mazda,Mazda3 Grand Touring,2018,"15,175 mi.",Gasoline,2.5L I4 16V GDI DOHC,6-Speed Automatic,Snowflake White Pearl Metallic,Parchment,At least 1 accident or damage reported,,"$19,212"
2559,Chevrolet,Corvette Base,2008,"51,855 mi.",Gasoline,430.0HP 6.2L 8 Cylinder Engine Gasoline Fuel,6-Speed A/T,Red,Red,None reported,Yes,"$35,900"
2563,Chevrolet,Camaro 2SS,2022,"1,400 mi.",Gasoline,455.0HP 6.2L 8 Cylinder Engine Gasoline Fuel,10-Speed A/T,Black,Black,None reported,Yes,"$54,900"
2597,Chrysler,200 Limited,2015,"95,271 mi.",E85 Flex Fuel,184.0HP 2.4L 4 Cylinder Engine Flex Fuel Capability,A/T,Black,Black,,,"$12,468"
2600,Ford,Focus SE,2018,"33,700 mi.",E85 Flex Fuel,160.0HP 2.0L 4 Cylinder Engine Flex Fuel Capability,A/T,Gray,Black,At least 1 accident or damage reported,Yes,"$12,000"
2606,Chevrolet,Express 2500 Work Van,2017,"76,000 mi.",Gasoline,285.0HP 4.8L 8 Cylinder Engine Gasoline Fuel,A/T,Silver,–,None reported,Yes,"$41,400"
2609,Acura,ILX Technology Plus Package,2016,"61,000 mi.",Gasoline,201.0HP 2.4L 4 Cylinder Engine Gasoline Fuel,A/T,Black,Black,At least 1 accident or damage reported,Yes,"$21,000"
2634,Genesis,G80 3.8,2017,"29,720 mi.",Gasoline,311.0HP 3.8L V6 Cylinder Engine Gasoline Fuel,8-Speed A/T,Brown,Beige,None reported,Yes,"$29,500"
2649,Honda,Civic Sport,2020,"22,227 mi.",Gasoline,2.0L I4 16V MPFI DOHC,Automatic CVT,Red,Black,,,"$25,980"
2654,BMW,M3 Base,2002,"204,884 mi.",Gasoline,333.0HP 3.2L Straight 6 Cylinder Engine Gasoline Fuel,6-Speed M/T,Silver,Black,At least 1 accident or damage reported,Yes,"$21,500"
2667,Chevrolet,Corvette Grand Sport,2011,"12,300 mi.",Gasoline,430.0HP 6.2L 8 Cylinder Engine Gasoline Fuel,6-Speed A/T,Red,Black,None reported,Yes,"$45,000"
2678,Toyota,Highlander Platinum,2020,"41,000 mi.",Gasoline,295.0HP 3.5L V6 Cylinder Engine Gasoline Fuel,8-Speed A/T,Blue,Black,None reported,Yes,"$38,700"
2680,Ford,Thunderbird Deluxe,2002,"40,110 mi.",Gasoline,252.0HP 3.9L 8 Cylinder Engine Gasoline Fuel,A/T,Yellow,Black,None reported,Yes,"$18,500"
2685,Ford,Focus SE,2009,"107,500 mi.",Gasoline,132.0HP 2.0L 4 Cylinder Engine Gasoline Fuel,A/T,White,Black,None reported,Yes,"$9,500"
2686,Porsche,911 Carrera 4 GTS,2023,"1,518 mi.",Gasoline,473.0HP 3.0L Flat 6 Cylinder Engine Gasoline Fuel,8-Speed A/T,Beige,Brown,None reported,Yes,"$194,965"
2695,Ford,F-250 XLT,2019,"38,600 mi.",Diesel,450.0HP 6.7L 8 Cylinder Engine Diesel Fuel,6-Speed A/T,Blue,–,None reported,Yes,"$54,500"
2698,Lexus,LS 460 Base,2012,"103,000 mi.",Gasoline,380.0HP 4.6L 8 Cylinder Engine Gasoline Fuel,A/T,White,Beige,None reported,Yes,"$20,500"
2701,Ford,F-250 Limited,2018,"64,000 mi.",Diesel,450.0HP 6.7L 8 Cylinder Engine Diesel Fuel,A/T,Red,Beige,None reported,Yes,"$64,000"
2724,INFINITI,G35 Base,2003,"106,500 mi.",Gasoline,280.0HP 3.5L V6 Cylinder Engine Gasoline Fuel,6-Speed M/T,Red,Beige,None reported,Yes,"$9,500"
2755,Land,Rover Range Rover Velar P380 S,2018,"46,000 mi.",Gasoline,380.0HP 3.0L V6 Cylinder Engine Gasoline Fuel,A/T,Red,Beige,None reported,Yes,"$40,000"
2756,Ford,F-250 XLT Crew Cab Super Duty,2008,"190,321 mi.",Diesel,350.0HP 6.4L 8 Cylinder Engine Diesel Fuel,A/T,White,Beige,None reported,Yes,"$15,900"
2760,Jeep,Gladiator Overland,2020,"20,655 mi.",Gasoline,3.6L V6 24V MPFI DOHC,8-Speed Automatic,Firecracker Red Clearcoat,Black,,,"$42,850"
2776,Ford,F-150 XLT,2020,"57,000 mi.",Gasoline,375.0HP 3.5L V6 Cylinder Engine Gasoline Fuel,10-Speed A/T,Gray,Gray,At least 1 accident or damage reported,Yes,"$37,500"
2779,Tesla,Model S Performance,2012,"61,000 mi.",,416.0HP Electric Motor Electric Fuel System,A/T,Green,Black,None reported,Yes,"$29,000"
2816,GMC,Terrain SLT,2020,"55,018 mi.",Gasoline,170.0HP 1.5L 4 Cylinder Engine Gasoline Fuel,9-Speed A/T,Black,Black,At least 1 accident or damage reported,Yes,"$25,500"
2822,Ford,Explorer XLT,2020,"45,000 mi.",Gasoline,300.0HP 2.3L 4 Cylinder Engine Gasoline Fuel,10-Speed A/T,Silver,Black,None reported,Yes,"$33,500"
2827,Mazda,Mazda3 i Touring,2012,"144,900 mi.",Gasoline,155.0HP 2.0L 4 Cylinder Engine Gasoline Fuel,Transmission w/Dual Shift Mode,Black,–,None reported,Yes,"$6,000"
2855,Toyota,Corolla CE,2008,"170,000 mi.",Gasoline,126.0HP 1.8L 4 Cylinder Engine Gasoline Fuel,A/T,Gray,Gray,None reported,Yes,"$5,199"
2860,BMW,M3 Base,2002,"60,255 mi.",Gasoline,333.0HP 3.2L Straight 6 Cylinder Engine Gasoline Fuel,6-Speed M/T,Yellow,Black,None reported,Yes,"$28,750"
2864,Lexus,NX 300 Base,2021,"6,449 mi.",Gasoline,2.0L I4 16V PDI DOHC Turbo,6-Speed Automatic,Silver,Black,At least 1 accident or damage reported,,"$35,999"
2866,Nissan,Armada LE,2009,"87,130 mi.",Gasoline,317.0HP 5.6L 8 Cylinder Engine Gasoline Fuel,A/T,Brown,Black,None reported,Yes,"$20,000"
2867,Lexus,SC 300 Base,1998,"165,000 mi.",Gasoline,225.0HP 3.0L Straight 6 Cylinder Engine Gasoline Fuel,A/T,Purple,Beige,None reported,Yes,"$8,700"
2886,Honda,Odyssey EX-L,2007,"170,000 mi.",Gasoline,244.0HP 3.5L V6 Cylinder Engine Gasoline Fuel,A/T,Black,Beige,None reported,Yes,"$7,700"
2902,Jeep,Wrangler Sport,2014,"71,000 mi.",Gasoline,285.0HP 3.6L V6 Cylinder Engine Gasoline Fuel,5-Speed A/T,Gray,Black,None reported,Yes,"$22,000"
2905,BMW,M550 i xDrive,2019,"7,580 mi.",Gasoline,456.0HP 4.4L 8 Cylinder Engine Gasoline Fuel,Transmission w/Dual Shift Mode,Black,Black,None reported,Yes,"$51,500"
2926,Ford,F-250 XLT,2017,"244,000 mi.",Diesel,440.0HP 6.7L 8 Cylinder Engine Diesel Fuel,6-Speed A/T,Red,Beige,None reported,Yes,"$35,500"
2964,Hyundai,Kona EV SEL,2022,"9,400 mi.",,201.0HP Electric Motor Electric Fuel System,1-Speed A/T,Red,Black,None reported,Yes,"$31,999"
2978,Ford,F-250 XLT,2016,"94,300 mi.",E85 Flex Fuel,385.0HP 6.2L 8 Cylinder Engine Flex Fuel Capability,6-Speed A/T,Silver,Gray,At least 1 accident or damage reported,Yes,"$28,999"
2993,Ford,F-150 Lariat,2016,"117,000 mi.",Gasoline,365.0HP 3.5L V6 Cylinder Engine Gasoline Fuel,A/T,White,Black,None reported,Yes,"$26,500"
3001,Volkswagen,GTI Base,2008,"95,798 mi.",Gasoline,200.0HP 2.0L 4 Cylinder Engine Gasoline Fuel,6-Speed M/T,White,Black,None reported,Yes,"$9,850"
3004,Kia,Telluride EX X-Line,2023,"10,400 mi.",Gasoline,291.0HP 3.8L V6 Cylinder Engine Gasoline Fuel,8-Speed A/T,Green,Green,None reported,Yes,"$48,000"
3008,BMW,320 i xDrive,2016,"185,000 mi.",Gasoline,180.0HP 2.0L 4 Cylinder Engine Gasoline Fuel,8-Speed A/T,Black,Beige,At least 1 accident or damage reported,Yes,"$7,500"
3014,RAM,3500 Laramie,2013,"106,385 mi.",Diesel,385.0HP 6.7L Straight 6 Cylinder Engine Diesel Fuel,6-Speed A/T,White,Black,At least 1 accident or damage reported,Yes,"$42,900"
3064,Cadillac,Escalade ESV Platinum,2020,"92,000 mi.",Gasoline,420.0HP 6.2L 8 Cylinder Engine Gasoline Fuel,A/T,Black,Black,None reported,Yes,"$50,000"
3071,Acura,MDX 3.5L w/Technology Package,2019,"90,605 mi.",Gasoline,3.5 Liter,Automatic,White,Parchment,None reported,,"$27,698"
3077,Subaru,Crosstrek 2.0i Limited,2018,"84,054 mi.",Gasoline,152.0HP 2.0L 4 Cylinder Engine Gasoline Fuel,CVT Transmission,Gray,Black,None reported,Yes,"$21,499"
3108,Land,Rover Range Rover Sport HSE Dynamic,2019,"20,500 mi.",Gasoline,380.0HP 3.0L V6 Cylinder Engine Gasoline Fuel,A/T,White,White,None reported,Yes,"$76,000"
